iter	LogLikelihoodOfPrediction	Logloss
0	-2.312854455	0.655421604
1	-2.041251183	0.6221362011
2	-1.794766693	0.5919291579
3	-1.573266816	0.5647839108
4	-1.377378838	0.5407777017
5	-1.202751712	0.5193769986
6	-1.047661692	0.5003703019
7	-0.9069261348	0.4831230583
8	-0.7829263154	0.4679265786
9	-0.6709818421	0.4542076983
10	-0.5746420102	0.4424011697
11	-0.4931394587	0.43241275
12	-0.4183654304	0.4232494464
13	-0.3510092167	0.4149945685
14	-0.2861455775	0.4070455969
15	-0.2322416173	0.4004395572
16	-0.1781147431	0.3938061302
17	-0.1384521081	0.388945358
18	-0.09583208241	0.3837223471
19	-0.06273507636	0.3796661369
20	-0.02509013106	0.3750528066
21	0.001225743897	0.3718276162
22	0.03314409013	0.3679160227
23	0.05656244027	0.365046156
24	0.07763012257	0.3624643747
25	0.1021612959	0.3594580364
26	0.1906334532	0.3486155007
27	0.203785205	0.3470037802
28	0.3045184392	0.3346587177
29	0.3640547134	0.3273626122
30	0.4149435231	0.3211259724
31	0.4580927073	0.3158379919
32	0.5132524885	0.3090782337
33	0.5439335118	0.3053179261
34	0.5841720409	0.3003868818
35	0.6059952359	0.2977123337
36	0.6248936856	0.2953963892
37	0.6516127867	0.2921218635
38	0.6553833426	0.2916597789
39	0.6714487142	0.2896909308
40	0.6933138	0.2870113535
41	0.7052512653	0.2855484589
42	0.7219337964	0.2835039543
43	0.730907882	0.2824042004
44	0.7391179843	0.2813978693
45	0.7407244982	0.2812011293
46	0.7527873235	0.2797228738
47	0.7629288158	0.2784798699
48	0.7682557006	0.2778270858
49	0.7730081389	0.2772448197
50	0.77771765	0.2766675829
51	0.7850080829	0.275774026
52	0.7885850939	0.2753357753
53	0.7944663491	0.2746148511
54	0.7974836579	0.2742452872
55	0.798110765	0.2741683186
56	0.7993864479	0.2740118943
57	0.8005234884	0.2738726347
58	0.8030462283	0.2735636125
59	0.8040764695	0.273437172
60	0.8085757696	0.2728858464
61	0.8106454092	0.2726319814
62	0.8115324687	0.2725234164
63	0.813401066	0.272294424
64	0.8142846911	0.2721861049
65	0.8157316868	0.2720087438
66	0.8192699628	0.2715753583
67	0.8220555311	0.271233947
68	0.8247817589	0.2708997242
69	0.8254754142	0.2708147745
70	0.8261857953	0.2707277202
71	0.8274136466	0.270577145
72	0.8280738389	0.2704962679
73	0.8291028361	0.2703701827
74	0.8300432463	0.2702548665
75	0.8305929348	0.270187519
76	0.8327022505	0.2699291168
77	0.8332191693	0.2698657598
78	0.8349414985	0.2696546976
79	0.8356824446	0.2695638168
80	0.8361799744	0.2695029198
81	0.8366566406	0.2694444007
82	0.8373267254	0.2693623756
83	0.8380120524	0.2692783279
84	0.8386021846	0.2692059239
85	0.8401424851	0.2690171924
86	0.8414881762	0.2688522949
87	0.841699921	0.268826493
88	0.8420229151	0.2687869154
89	0.8432728138	0.2686334703
90	0.8439462818	0.2685511445
91	0.8440976703	0.2685326677
92	0.8444756847	0.2684862843
93	0.8456030935	0.2683481181
94	0.846116638	0.2682851985
95	0.8465078805	0.2682371478
96	0.8468826131	0.2681912564
97	0.8472024684	0.2681520068
98	0.848091771	0.2680430864
99	0.848222549	0.2680270969
100	0.8484808993	0.2679954731
101	0.8486054747	0.2679801122
102	0.8488911008	0.2679451538
103	0.8491557518	0.2679126827
104	0.8492711626	0.2678984971
105	0.8501354351	0.2677926653
106	0.8504904594	0.2677491245
107	0.8507679411	0.2677151227
108	0.851442792	0.2676324143
109	0.8519245166	0.2675733213
110	0.8520305439	0.267560311
111	0.8521859086	0.2675413148
112	0.8525983618	0.2674907222
113	0.8528706514	0.2674573218
114	0.8531045188	0.2674287046
115	0.853199063	0.2674171429
116	0.853338393	0.2674001147
117	0.8539501286	0.2673249774
118	0.8544990898	0.2672579033
119	0.8546800186	0.2672356272
120	0.8547221994	0.2672305434
121	0.8549135897	0.2672070647
122	0.8550316758	0.2671925237
123	0.8552813269	0.2671620479
124	0.8553653397	0.2671516888
125	0.8559227281	0.267083494
126	0.8561919984	0.2670503396
127	0.8564637646	0.2670170759
128	0.8565503719	0.2670064435
129	0.8566292013	0.2669967678
130	0.8570242686	0.2669484437
131	0.8571108686	0.266937784
132	0.8571920857	0.266927753
133	0.8576875994	0.266867102
134	0.8580808566	0.26681886
135	0.8581410152	0.2668114528
136	0.8584238493	0.2667768224
137	0.8584941878	0.2667682127
138	0.8585957183	0.2667558037
139	0.8587187084	0.2667406341
140	0.858903412	0.2667181667
141	0.859026148	0.2667030518
142	0.8591925834	0.266682689
143	0.859249116	0.2666758559
144	0.8594123438	0.2666557664
145	0.8598462756	0.2666024679
146	0.8599779361	0.2665863963
147	0.8602574659	0.2665521486
148	0.8605146279	0.2665205795
149	0.8605672112	0.266514211
150	0.8608681373	0.2664772573
151	0.8610280434	0.2664578239
152	0.8610758226	0.266451838
153	0.8611675988	0.2664406863
154	0.8612150255	0.2664347825
155	0.861343858	0.2664187656
156	0.8614126743	0.2664106205
157	0.8616100419	0.2663863765
158	0.8617102841	0.2663741041
159	0.8617797547	0.2663656584
160	0.8617935305	0.2663638271
161	0.8618266644	0.2663598912
162	0.8620986443	0.2663264635
163	0.8621369011	0.2663217349
164	0.8622490607	0.2663080413
165	0.8623081043	0.2663007708
166	0.8624687451	0.2662811734
167	0.8627444031	0.266247363
168	0.8628611556	0.2662330133
169	0.8628837416	0.2662301981
170	0.8629562372	0.266221397
171	0.8629917959	0.2662170238
172	0.863054799	0.2662093433
173	0.8631278858	0.2662004329
174	0.8632151691	0.2661896639
175	0.8632354843	0.2661873133
176	0.8634159906	0.2661651192
177	0.8635940045	0.2661432258
178	0.8639983862	0.2660936445
179	0.8640797603	0.2660837774
180	0.864148118	0.266075441
181	0.8642930532	0.2660576201
182	0.8643239894	0.2660538209
183	0.8643882234	0.2660459491
184	0.8645600202	0.266024821
185	0.864646085	0.2660142433
186	0.8646749908	0.2660107448
187	0.8647187534	0.2660054696
188	0.8650008198	0.2659709759
189	0.8650202117	0.2659685159
190	0.865274911	0.2659371654
191	0.8653148567	0.2659322729
192	0.8653328115	0.265930141
193	0.8654796988	0.2659122108
194	0.8655115486	0.2659083296
195	0.8655231057	0.2659069356
196	0.8655421495	0.2659045577
197	0.8655747911	0.2659005125
198	0.8656530035	0.2658909734
199	0.8656591594	0.2658901534
200	0.865763285	0.2658774438
201	0.8658115158	0.2658713759
202	0.8660137484	0.2658467493
203	0.8660421255	0.2658431414
204	0.8660593625	0.2658410641
205	0.8661959932	0.2658243639
206	0.8662019428	0.2658237352
207	0.8662171183	0.2658218493
208	0.8663276693	0.2658083196
209	0.8665653071	0.2657790738
210	0.8665906143	0.2657760399
211	0.8667165461	0.2657606516
212	0.8667260341	0.2657593397
213	0.8667704689	0.2657539278
214	0.866910828	0.2657368723
215	0.8669313265	0.2657342757
216	0.8669485304	0.2657321164
217	0.8669992887	0.2657259392
218	0.8670260317	0.2657227413
219	0.8672132909	0.2656996453
220	0.8672272344	0.2656979233
221	0.8672733861	0.2656923202
222	0.867368261	0.2656807311
223	0.8674083117	0.2656757839
224	0.8674500799	0.2656707274
225	0.867470828	0.2656680762
226	0.8674839438	0.2656666822
227	0.8675817666	0.2656544919
228	0.8676183601	0.2656500913
229	0.8677431604	0.2656347577
230	0.8678120594	0.265626312
231	0.8678703838	0.2656192602
232	0.8679512562	0.2656093111
233	0.8680561638	0.2655964648
234	0.868171192	0.2655823612
235	0.8682520244	0.2655724941
236	0.8682942851	0.2655673009
237	0.8683974892	0.2655546733
238	0.8684774187	0.2655447515
239	0.8685055147	0.265541335
240	0.8685259608	0.2655389024
241	0.8685614572	0.2655346385
242	0.8685742901	0.2655328892
243	0.8686315232	0.265525892
244	0.868663702	0.2655220108
245	0.8687629191	0.2655098752
246	0.8687652334	0.2655095198
247	0.8688021408	0.2655049826
248	0.8688176238	0.2655030693
249	0.8688736212	0.2654961815
250	0.8689266442	0.2654897037
251	0.8689676894	0.2654847565
252	0.8690090435	0.2654797
253	0.8691456185	0.2654628358
254	0.8692181324	0.265454062
255	0.8694049764	0.265431212
256	0.8695158646	0.2654176003
257	0.8695516637	0.2654132818
258	0.8696089449	0.2654060387
259	0.869636579	0.2654028408
260	0.869657515	0.2654000802
261	0.8696860889	0.2653966363
262	0.8698254251	0.2653795807
263	0.8698693048	0.2653741962
264	0.8699220401	0.2653676637
265	0.8699271399	0.2653671171
266	0.8700859537	0.2653476289
267	0.8701472306	0.2653401125
268	0.8701736286	0.2653368326
269	0.8702339818	0.2653294254
270	0.8702987558	0.2653216903
271	0.8703023049	0.2653211163
272	0.8703273568	0.2653180824
273	0.8703440733	0.2653159505
274	0.8703671945	0.2653133539
275	0.8703860631	0.2653109486
276	0.8704571383	0.2653021748
277	0.8705837189	0.2652866226
278	0.8706013345	0.2652844633
279	0.8706695829	0.2652762089
280	0.8707112965	0.265271125
281	0.8707266382	0.2652691297
282	0.870872571	0.2652511722
283	0.8708830619	0.2652499423
284	0.8708998184	0.2652478103
285	0.8709451016	0.2652423985
286	0.8709812501	0.2652379979
287	0.8710009535	0.2652356473
288	0.8710854535	0.2652252063
289	0.8711513893	0.2652171158
290	0.8711600826	0.2652160499
291	0.8711865635	0.265212606
292	0.8712423	0.2652059368
293	0.8713072605	0.265197983
294	0.8713200333	0.2651964797
295	0.8713432687	0.2651936645
296	0.8714371201	0.2651819935
297	0.8714569631	0.2651795609
298	0.8714585522	0.2651794515
299	0.8714849551	0.2651761716
300	0.8715066055	0.2651734384
301	0.8715442089	0.2651691198
302	0.871665947	0.2651540322
303	0.87166743	0.2651538682
304	0.8717636755	0.2651420879
305	0.871798494	0.2651377147
306	0.8718183423	0.2651354461
307	0.8718250739	0.2651345988
308	0.8718487204	0.2651316195
309	0.8718796825	0.2651278203
310	0.8718834873	0.265127383
311	0.8719489933	0.2651193472
312	0.8719503697	0.2651191285
313	0.8719561332	0.2651184179
314	0.8719738659	0.2651163133
315	0.8719927727	0.2651140173
316	0.8719939557	0.2651138533
317	0.8719970134	0.2651135527
318	0.8720127946	0.2651116667
319	0.8720202463	0.2651106008
320	0.8720231822	0.2651102728
321	0.8720283089	0.2651096714
322	0.8720425352	0.2651079768
323	0.8720452595	0.2651076215
324	0.8720666252	0.2651048882
325	0.8720691536	0.2651046696
326	0.8720714383	0.2651043689
327	0.8720762349	0.2651037949
328	0.8720809137	0.265103139
329	0.8721408929	0.2650959232
330	0.8721450893	0.2650953218
331	0.8721475844	0.2650950212
332	0.8721497577	0.2650948025
333	0.872151755	0.2650944472
334	0.8721558921	0.2650940645
335	0.8721579617	0.2650936819
336	0.8721597538	0.2650935999
337	0.8722041458	0.265088106
338	0.8722059153	0.2650878327
339	0.8722914942	0.265077501
340	0.8722931128	0.2650772277
341	0.8722946016	0.265077009
342	0.8722960808	0.2650768177
343	0.8722973262	0.2650766537
344	0.872302143	0.2650759977
345	0.8723032676	0.2650760524
346	0.8723042942	0.265075779
347	0.8723087261	0.2650751777
348	0.8723277538	0.2650729365
349	0.8723288019	0.2650727998
350	0.872354199	0.2650696839
351	0.8724159658	0.2650622767
352	0.8724201369	0.2650616208
353	0.8724239894	0.2650610741
354	0.8724250944	0.2650609921
355	0.8724286927	0.2650605548
356	0.8724797008	0.2650542956
357	0.8724808982	0.2650542136
358	0.8725274929	0.2650485011
359	0.8725285326	0.2650482825
360	0.8725294801	0.2650482278
361	0.8725328836	0.2650478451
362	0.8726054471	0.2650388527
363	0.8726063151	0.2650386887
364	0.8726470013	0.2650337962
365	0.8726637553	0.2650318282
366	0.8726666008	0.2650313909
367	0.8727258196	0.2650240385
368	0.8727284836	0.2650237378
369	0.8727294706	0.2650236011
370	0.8727303463	0.2650236011
371	0.8727328885	0.2650233278
372	0.8727337406	0.2650231365
373	0.8727474507	0.2650214692
374	0.8727482838	0.2650214419
375	0.8728049934	0.2650144447
376	0.8728073374	0.2650142261
377	0.8729007057	0.2650026917
378	0.8729015355	0.2650026097
379	0.8729023223	0.2650023637
380	0.8729031527	0.2650023637
381	0.8729039366	0.2650024457
382	0.8729061327	0.2650021451
383	0.8729067852	0.2650018717
384	0.8729956593	0.2649909934
385	0.8730142729	0.2649888341
386	0.8730435394	0.2649851715
387	0.8730455349	0.2649849802
388	0.8730462105	0.2649848709
389	0.8730558201	0.2649837229
390	0.8730577376	0.2649834222
391	0.8731604436	0.2649709312
392	0.8731610039	0.2649707946
393	0.8731628567	0.2649706033
394	0.8731633975	0.2649706033
395	0.8731639068	0.2649705759
396	0.8731643422	0.2649704666
397	0.8731807366	0.264968362
398	0.8731864188	0.2649677333
399	0.8732205074	0.2649635515
400	0.8732363275	0.2649616655
401	0.8732583781	0.2649588502
402	0.8732588163	0.2649587409
403	0.8732606325	0.2649585223
404	0.873262343	0.2649583036
405	0.8732639015	0.2649583309
406	0.8732643441	0.2649582489
407	0.8732647973	0.2649582489
408	0.8732652151	0.2649581669
409	0.8732810923	0.2649562263
410	0.873295305	0.2649543404
411	0.8732957026	0.2649542857
412	0.8732960791	0.2649542584
413	0.8732976431	0.2649540397
414	0.8732980062	0.2649540124
415	0.8732983461	0.264953903
416	0.8732986675	0.264953985
417	0.8732989357	0.2649539577
418	0.8732992142	0.2649537937
419	0.8733391924	0.2649490925
420	0.8734303364	0.2649378588
421	0.8734355443	0.2649370935
422	0.8735031322	0.2649289211
423	0.8735178402	0.2649270625
424	0.8735210311	0.2649265978
425	0.8735342843	0.2649251218
426	0.8735344671	0.2649251492
427	0.8736126764	0.2649154461
428	0.8736453723	0.2649114009
429	0.8736455882	0.2649114829
430	0.8736487476	0.2649110729
431	0.8736489588	0.2649110182
432	0.8736491472	0.2649109909
433	0.8736626073	0.2649095149
434	0.8736772757	0.264907465
435	0.8736788735	0.2649074103
436	0.8736803402	0.2649072737
437	0.8737144058	0.2649029551
438	0.8737157774	0.2649028731
439	0.8737996935	0.2648925141
440	0.8738074578	0.2648916668
441	0.8738076956	0.2648916121
442	0.8738471185	0.2648866376
443	0.8739135715	0.2648786291
444	0.873918096	0.2648780825
445	0.8739194599	0.2648777818
446	0.8739196318	0.2648777818
447	0.8739330948	0.2648761692
448	0.8739343571	0.2648760052
449	0.8739345083	0.2648760325
450	0.873943867	0.2648748025
451	0.8739440355	0.2648748025
452	0.8739452229	0.2648747752
453	0.8739453821	0.2648746932
454	0.8740400165	0.2648631315
455	0.8740547928	0.2648612456
456	0.8740700756	0.2648594416
457	0.8741309192	0.2648520072
458	0.8741809546	0.2648458847
459	0.8741875737	0.264844928
460	0.8741886688	0.2648448187
461	0.8742342339	0.2648393795
462	0.8743252461	0.2648281185
463	0.8743254175	0.2648281732
464	0.8744011581	0.2648188527
465	0.8744063918	0.2648182514
466	0.8744112312	0.2648175408
467	0.8744136821	0.2648173768
468	0.8744184049	0.2648168575
469	0.8744185463	0.2648168028
470	0.8744209443	0.2648163382
471	0.8744219405	0.2648161468
472	0.8744241675	0.2648159555
473	0.8744469238	0.2648132496
474	0.8744756248	0.2648096963
475	0.8744881004	0.2648081657
476	0.874511188	0.2648053231
477	0.8745724334	0.2647978887
478	0.8745827747	0.2647965767
479	0.8745871735	0.2647959207
480	0.8745894647	0.264795702
481	0.8745916122	0.2647954561
482	0.8746036703	0.2647938708
483	0.8746187934	0.2647922035
484	0.8746197855	0.2647920941
485	0.8746370199	0.2647898529
486	0.8746371029	0.2647898529
487	0.8747149097	0.2647804231
488	0.8747535243	0.2647756126
489	0.874758014	0.2647751206
490	0.8747581001	0.2647751206
491	0.874760996	0.2647747653
492	0.8748357162	0.2647656089
493	0.8748416631	0.2647648709
494	0.8748465761	0.2647642149
495	0.8748487208	0.2647639143
496	0.8748554014	0.2647631763
497	0.8748880392	0.2647591311
498	0.874899886	0.2647577644
499	0.8749149306	0.2647559331
500	0.8749603839	0.2647503573
501	0.8749809565	0.26474787
502	0.8749811143	0.2647478154
503	0.8749812746	0.264747788
504	0.87498208	0.2647477334
505	0.8750719865	0.2647366637
506	0.8751239892	0.2647302952
507	0.8751241356	0.2647302952
508	0.8751249126	0.2647300765
509	0.8751756785	0.2647238993
510	0.8751778599	0.264723626
511	0.875180442	0.2647233254
512	0.8751824809	0.2647231067
513	0.8751907826	0.2647221227
514	0.8751958715	0.2647213301
515	0.87519669	0.2647213574
516	0.8751986503	0.2647211388
517	0.8752004337	0.2647208928
518	0.8752042389	0.2647203188
519	0.8752080924	0.2647199361
520	0.8752194783	0.2647185695
521	0.8752195959	0.2647185968
522	0.8752213737	0.2647183235
523	0.8752220381	0.2647182415
524	0.8752449129	0.2647153989
525	0.8752450092	0.2647154809
526	0.8752451228	0.2647153716
527	0.8752457537	0.2647152623
528	0.8752463308	0.2647151803
529	0.8752515648	0.2647146336
530	0.8752532048	0.2647144696
531	0.8752565884	0.264714005
532	0.8752591055	0.2647138136
533	0.8752701998	0.2647124197
534	0.8752703213	0.264712283
535	0.8752708461	0.2647122283
536	0.8752789978	0.2647111897
537	0.8752791117	0.2647111897
538	0.8752900609	0.2647099324
539	0.8753322293	0.2647046299
540	0.8753327952	0.2647047392
541	0.8753355172	0.2647042472
542	0.8754004211	0.2646963481
543	0.8754005221	0.2646962388
544	0.8754076089	0.2646953915
545	0.8754093795	0.2646952548
546	0.8754111674	0.2646950908
547	0.8754112443	0.2646949541
548	0.8754478472	0.2646904716
549	0.8754513728	0.2646901163
550	0.875451924	0.2646901709
551	0.8754538674	0.2646899523
552	0.8754571414	0.264689433
553	0.8754572494	0.2646894876
554	0.8754577194	0.2646893783
555	0.8754591277	0.2646891596
556	0.8754592188	0.2646890776
557	0.8754596681	0.264689023
558	0.8754629602	0.264688695
559	0.8755002909	0.2646841031
560	0.8755003675	0.2646841851
561	0.8755004488	0.2646841304
562	0.8755051718	0.2646835018
563	0.8755205824	0.2646816978
564	0.8755221215	0.2646815885
565	0.8755222069	0.2646815065
566	0.8755222977	0.2646815065
567	0.8755833854	0.2646740174
568	0.8755902285	0.2646730881
569	0.87559062	0.2646730607
570	0.8756398774	0.2646670202
571	0.8756429648	0.2646666922
572	0.8756434197	0.2646665009
573	0.8756457513	0.2646663369
574	0.8756479771	0.2646658723
575	0.8756484001	0.2646659543
576	0.8756495355	0.2646657356
577	0.8756495659	0.2646657083
578	0.8756887468	0.2646609524
579	0.8756891276	0.2646610071
580	0.8757735246	0.2646506754
581	0.8758479554	0.2646415189
582	0.8759034181	0.2646347131
583	0.8759309514	0.2646312692
584	0.8759461827	0.2646294653
585	0.8759524292	0.2646286453
586	0.875956626	0.2646281806
587	0.876019627	0.2646204455
588	0.8760196444	0.2646204455
589	0.8760201365	0.2646204182
590	0.8761455345	0.2646050299
591	0.8761484397	0.26460462
592	0.8762137503	0.2645967208
593	0.8762403712	0.2645933863
594	0.8762461294	0.2645927029
595	0.8762461706	0.2645927029
596	0.876280729	0.2645885484
597	0.8763236524	0.2645833825
598	0.8763419703	0.2645808953
599	0.8763523117	0.264579638
600	0.8764050037	0.2645734335
601	0.8764431075	0.2645687049
602	0.8764453388	0.2645684316
603	0.876459735	0.2645665183
604	0.8764611723	0.2645663817
605	0.8764732182	0.264564851
606	0.8764735817	0.2645649877
607	0.8764743384	0.2645647964
608	0.8764750277	0.2645648237
609	0.8765201902	0.2645592205
610	0.8765208106	0.2645590839
611	0.8765577218	0.2645545193
612	0.876582614	0.2645514307
613	0.8766036619	0.2645488068
614	0.8766103706	0.2645481235
615	0.8766385982	0.2645445156
616	0.8766443313	0.2645439143
617	0.8766594703	0.2645421377
618	0.8766947373	0.2645377918
619	0.876744632	0.2645316693
620	0.8767618213	0.2645295647
621	0.8768047434	0.2645243715
622	0.876816578	0.2645228682
623	0.8768776427	0.2645152971
624	0.8769438601	0.2645072613
625	0.876947862	0.2645067146
626	0.8769936445	0.2645010841
627	0.8769949403	0.2645009475
628	0.8770143338	0.2644986789
629	0.8770251895	0.2644972849
630	0.8770512199	0.2644941143
631	0.8770524324	0.2644938683
632	0.877059387	0.2644929937
633	0.877067317	0.2644920097
634	0.877072228	0.2644914904
635	0.8770734113	0.2644912991
636	0.8771057311	0.2644873632
637	0.8771068988	0.2644871992
638	0.8771427882	0.264482744
639	0.8771542771	0.26448135
640	0.877247487	0.264470007
641	0.8772517653	0.264469515
642	0.8772527263	0.2644693783
643	0.8772634291	0.2644681757
644	0.8772642912	0.2644679024
645	0.87731339	0.2644619439
646	0.8773144878	0.2644617799
647	0.8773153503	0.2644617252
648	0.8773168812	0.2644615065
649	0.8773509064	0.2644572973
650	0.8773516375	0.2644572427
651	0.8773549074	0.264456942
652	0.8773879243	0.2644527874
653	0.8774044697	0.2644507922
654	0.8774059389	0.2644505462
655	0.8774066209	0.2644504642
656	0.8774077122	0.2644503822
657	0.8774077197	0.2644503822
658	0.8774504603	0.2644449977
659	0.8774570804	0.2644443417
660	0.8775395992	0.2644342833
661	0.8775708518	0.2644305114
662	0.877575836	0.2644298281
663	0.8775848653	0.2644286254
664	0.8776256244	0.2644236509
665	0.877630974	0.2644230496
666	0.8776376914	0.2644222023
667	0.8776389863	0.2644219836
668	0.8776651656	0.2644187584
669	0.8776944356	0.2644152051
670	0.8777018629	0.2644144398
671	0.8777022801	0.2644142212
672	0.8777412858	0.264409438
673	0.8777448476	0.2644089733
674	0.8777475853	0.2644086727
675	0.8777537199	0.2644079347
676	0.8777549716	0.2644076613
677	0.8778510279	0.2643961543
678	0.87787819	0.2643927378
679	0.8779001561	0.2643899772
680	0.8779150206	0.2643882552
681	0.8779183151	0.2643877086
682	0.8779574935	0.2643830894
683	0.877992276	0.2643787708
684	0.8779930982	0.2643786615
685	0.8779987028	0.2643779782
686	0.8779988075	0.2643778415
687	0.8779999967	0.2643777595
688	0.8780256863	0.2643745069
689	0.8780256944	0.2643744796
690	0.87803435	0.2643735229
691	0.8780343619	0.2643735229
692	0.8780347242	0.2643735229
693	0.8780397853	0.2643730036
694	0.878045626	0.264372293
695	0.8780457059	0.264372211
696	0.8780461864	0.2643722383
697	0.8780508479	0.2643714457
698	0.8780508629	0.264371391
699	0.8780932335	0.2643663345
700	0.8780932461	0.2643663345
701	0.8780932577	0.2643663071
702	0.8781050004	0.2643648859
703	0.8781066328	0.2643648312
704	0.8781067428	0.2643648312
705	0.8781076539	0.2643645852
706	0.8781111378	0.2643640932
707	0.8781510721	0.2643592553
708	0.8781513464	0.2643592007
709	0.8781554093	0.264358818
710	0.8781580537	0.264358326
711	0.8781865979	0.2643548821
712	0.878186748	0.2643548548
713	0.8781868133	0.2643548821
714	0.8781868659	0.2643549095
715	0.8781912254	0.2643543081
716	0.8781991431	0.2643532148
717	0.8782031745	0.2643529962
718	0.87820323	0.2643529415
719	0.8782156899	0.2643513562
720	0.878219147	0.2643508369
721	0.8782223621	0.2643503722
722	0.8782223848	0.2643504269
723	0.8782225129	0.2643503722
724	0.8782246894	0.2643502903
725	0.8782308335	0.2643493883
726	0.8782311686	0.2643493883
727	0.8782326974	0.2643493063
728	0.8782480539	0.264347393
729	0.87825419	0.264346655
730	0.8782599248	0.264345999
731	0.8782655659	0.2643453704
732	0.8782666584	0.2643450424
733	0.8783618616	0.264333508
734	0.8784037593	0.2643283695
735	0.8784037779	0.2643283695
736	0.8784107888	0.2643274675
737	0.8784211843	0.2643262649
738	0.8784562985	0.264321919
739	0.8784758745	0.2643194318
740	0.8784761775	0.2643194044
741	0.8784826966	0.2643186391
742	0.8785341221	0.2643123526
743	0.8785343113	0.2643123526
744	0.8785458329	0.264310822
745	0.8785460938	0.2643107673
746	0.8786345118	0.2643000803
747	0.8786387095	0.264299479
748	0.8786449122	0.264298741
749	0.8786587088	0.2642971284
750	0.8786613881	0.2642966911
751	0.8786615012	0.2642966637
752	0.878671571	0.2642954338
753	0.8786894828	0.2642931925
754	0.8787016595	0.2642919078
755	0.8787025603	0.2642917985
756	0.8787121485	0.2642904866
757	0.878712159	0.2642905139
758	0.8787131564	0.2642903499
759	0.8787769539	0.2642825601
760	0.8787857817	0.2642815215
761	0.8788146056	0.2642779682
762	0.8788155181	0.2642777496
763	0.878820979	0.2642772029
764	0.8788437087	0.2642743057
765	0.878858827	0.2642724197
766	0.8788589323	0.2642723924
767	0.8788687941	0.2642713537
768	0.8788689991	0.2642713264
769	0.8788753288	0.2642705884
770	0.8788761658	0.2642706158
771	0.8788771753	0.2642704791
772	0.8788830159	0.2642696318
773	0.8789147352	0.2642657506
774	0.87892081	0.2642649853
775	0.8789572144	0.2642603934
776	0.878957804	0.2642604207
777	0.8789579174	0.2642604207
778	0.8789638379	0.2642597101
779	0.8789676526	0.2642590268
780	0.878967746	0.2642590268
781	0.8789771006	0.2642579061
782	0.8789857867	0.2642568675
783	0.8790004602	0.2642551455
784	0.8790042092	0.2642546535
785	0.8790181962	0.2642529862
786	0.8790186486	0.2642530136
787	0.8790237516	0.2642523029
788	0.8790258791	0.2642521116
789	0.8790622007	0.2642476837
790	0.8790630929	0.2642475197
791	0.8790632514	0.2642474924
792	0.8790633402	0.2642474924
793	0.8790686186	0.2642468911
794	0.8790775609	0.2642457158
795	0.8790806834	0.2642453878
796	0.8790886884	0.2642444585
797	0.8790966922	0.2642433652
798	0.8790971787	0.2642433105
799	0.8791045067	0.2642424905
800	0.8791091048	0.2642417526
801	0.8791095898	0.2642417799
802	0.8791103977	0.2642418072
803	0.8791138055	0.2642412332
804	0.8791139783	0.2642412059
805	0.8791412824	0.264237844
806	0.8791494263	0.26423686
807	0.8791520684	0.2642365594
808	0.8792019361	0.2642305189
809	0.8792024167	0.2642304642
810	0.8792098833	0.2642296169
811	0.8792182224	0.2642284416
812	0.8792186593	0.2642283869
813	0.8792201161	0.2642283049
814	0.8792276272	0.2642274303
815	0.8792277801	0.2642274029
816	0.8792463406	0.264225025
817	0.8792481067	0.2642249157
818	0.8792961989	0.2642189025
819	0.8792996179	0.2642185745
820	0.8793065715	0.2642176452
821	0.8793814521	0.2642085708
822	0.8793815218	0.2642085981
823	0.879381663	0.2642085435
824	0.8794067424	0.2642052362
825	0.8794320007	0.2642022296
826	0.8794328816	0.2642021476
827	0.8794381727	0.2642016557
828	0.8794407662	0.2642012183
829	0.8794468851	0.2642005897
830	0.8794968685	0.2641943579
831	0.8795288588	0.264190422
832	0.879559906	0.2641866774
833	0.8795629175	0.2641862947
834	0.8795632875	0.2641862401
835	0.8795636193	0.2641862674
836	0.8796383975	0.264177029
837	0.8796798607	0.2641720271
838	0.8796807627	0.2641718905
839	0.8797143624	0.2641677906
840	0.8797525262	0.2641630894
841	0.8797528516	0.264162898
842	0.8797677892	0.2641611488
843	0.8797681023	0.2641611488
844	0.8797683883	0.2641611214
845	0.8798551601	0.2641505711
846	0.8798559939	0.2641503524
847	0.8798562783	0.2641503251
848	0.8798596029	0.2641498877
849	0.8799248518	0.2641418793
850	0.8799248967	0.2641418246
851	0.8799249385	0.2641418793
852	0.8799258433	0.264141688
853	0.879925879	0.264141688
854	0.8799278809	0.264141524
855	0.8799293945	0.2641413053
856	0.8799294257	0.26414136
857	0.8799303132	0.2641412233
858	0.879930596	0.2641412233
859	0.8799605622	0.2641374241
860	0.8799606728	0.2641374514
861	0.8800104139	0.2641314382
862	0.8800408586	0.2641276937
863	0.8800417176	0.2641276663
864	0.8800420024	0.264127721
865	0.8800422681	0.264127639
866	0.8800437023	0.2641273384
867	0.8800445263	0.2641271744
868	0.8800447883	0.2641271197
869	0.8800448007	0.2641271197
870	0.8800448191	0.2641270104
871	0.880044836	0.264126983
872	0.8800448501	0.2641270377
873	0.88004566	0.2641270377
874	0.8800457685	0.264127065
875	0.8800465546	0.264126983
876	0.8800529843	0.2641262177
877	0.8800529958	0.2641261904
878	0.8800530073	0.2641262177
879	0.8800537458	0.2641261357
880	0.8800573081	0.2641256711
881	0.8800637096	0.2641248238
882	0.880069618	0.2641241404
883	0.8800938117	0.2641211339
884	0.8800938162	0.2641211612
885	0.8800945884	0.2641210519
886	0.880101264	0.2641202592
887	0.8801019807	0.2641201772
888	0.8801066651	0.2641196579
889	0.8801073216	0.2641196306
890	0.8801074737	0.2641195486
891	0.8801074831	0.2641195759
892	0.8801075658	0.2641195486
893	0.8801083188	0.2641194392
894	0.8801137747	0.2641187286
895	0.8801138332	0.2641186739
896	0.8801392944	0.2641155853
897	0.8801392964	0.2641156127
898	0.8801394334	0.26411564
899	0.8801395066	0.26411564
900	0.880139571	0.26411564
901	0.8801397017	0.264115558
902	0.880139817	0.2641155307
903	0.8801443643	0.2641150387
904	0.8801450124	0.2641149567
905	0.8801451321	0.2641149567
906	0.8801451881	0.2641149567
907	0.8801452434	0.2641148747
908	0.8801459332	0.2641148474
909	0.8801460427	0.264114902
910	0.8801460907	0.264114902
911	0.880218314	0.2641059916
912	0.8802184194	0.2641059916
913	0.8802185173	0.2641059916
914	0.8802191202	0.2641059096
915	0.8802197731	0.2641058276
916	0.8802203328	0.2641057729
917	0.880220433	0.2641057729
918	0.8802210612	0.2641056636
919	0.8802215862	0.2641055816
920	0.8802216904	0.2641055816
921	0.8802503242	0.264102083
922	0.8802553947	0.2641013997
923	0.8802554267	0.2641013451
924	0.8803218775	0.2640933093
925	0.8803219464	0.2640933093
926	0.8803220455	0.264093282
927	0.8803220745	0.2640933093
928	0.8803225476	0.2640932546
929	0.880323172	0.2640931453
930	0.8803237599	0.2640930906
931	0.8803242093	0.2640930633
932	0.8803242273	0.264093036
933	0.8803243257	0.264093036
934	0.8803244176	0.264093036
935	0.880324501	0.264093036
936	0.8803433979	0.2640904394
937	0.8803434926	0.2640904394
938	0.8803435795	0.2640904394
939	0.8803441659	0.264090412
940	0.8803447217	0.2640903847
941	0.880344793	0.2640903847
942	0.8803497935	0.2640898381
943	0.8803498694	0.2640898381
944	0.8803500478	0.2640898107
945	0.880350126	0.2640897834
946	0.8803501972	0.2640897834
947	0.8803502629	0.2640897561
948	0.8803503238	0.2640897561
949	0.8803503782	0.2640898107
950	0.8803523524	0.2640894554
951	0.88035254	0.2640894281
952	0.8803530613	0.2640893187
953	0.8803532404	0.2640892914
954	0.8803534068	0.2640892641
955	0.8803534834	0.2640892094
956	0.8803539857	0.2640891821
957	0.8803541481	0.2640892094
958	0.8803543032	0.2640891821
959	0.880354445	0.2640891821
960	0.8803545749	0.2640891001
961	0.8803546967	0.2640891001
962	0.8803547998	0.2640890727
963	0.8803549177	0.2640890727
964	0.8803550196	0.2640890727
965	0.8803555247	0.2640890454
